mean_fit_time,std_fit_time,mean_score_time,std_score_time,param_clf__estimator,param_clf__estimator__criterion,params,split0_test_score,split1_test_score,split2_test_score,mean_test_score,std_test_score,rank_test_score
0.3185834089914958,0.016593731518747466,0.01348257064819336,0.00077492867682336,RandomForestClassifier(criterion='entropy'),entropy,"{'clf__estimator': RandomForestClassifier(criterion='entropy'), 'clf__estimator__criterion': 'entropy'}",0.7922077922077922,0.8043478260869565,0.7391304347826086,0.7785620176924525,0.028319397400942112,1
0.28940097490946454,0.005733605805467647,0.0213015079498291,0.003967227714723363,RandomForestClassifier(criterion='entropy'),gini,"{'clf__estimator': RandomForestClassifier(criterion='entropy'), 'clf__estimator__criterion': 'gini'}",0.7878787878787878,0.8043478260869565,0.7347826086956522,0.7756697408871321,0.029683053403226585,2
0.02188595136006673,0.001472232651719774,0.010677735010782877,0.00012343457882476203,SVC(),,{'clf__estimator': SVC()},0.7965367965367965,0.782608695652174,0.7434782608695653,0.7742079176861786,0.022460808157220267,3
0.010335524876912435,0.0012756284542031543,0.02121766408284505,0.0016786009283067539,KNeighborsClassifier(),,{'clf__estimator': KNeighborsClassifier()},0.7316017316017316,0.7391304347826086,0.7347826086956522,0.7351715916933307,0.0030858627886756287,4
0.011352062225341797,5.868391336868386e-05,0.0038786729176839194,7.291616470978916e-05,DecisionTreeClassifier(),,{'clf__estimator': DecisionTreeClassifier()},0.7316017316017316,0.7391304347826086,0.6652173913043479,0.7119831858962294,0.03321094197955424,5
